SAMPLE;SYMBOL;Protein_position;Amino_acids;Consequence
P004T;NRAS;61;Q/L;missense_variant
P004T;PIK3CA;546;Q/P;missense_variant
P007T;AKT1;17;E/K;missense_variant
P007T;APC;564;R/*;stop_gained
P007T;KRAS;12;G/D;missense_variant
P010T;KRAS;13;G/D;missense_variant
P010T;TP53;-;-;splice_acceptor_variant
P013T;APC;876;R/*;stop_gained
P013T;APC;1450;R/*;stop_gained
P013T;ERBB2;310;S/F;missense_variant
P013T;ERBB2;769;D/Y;missense_variant
P013T;PIK3CA;1004;M/I;missense_variant
P013T;TP53;273;R/C;missense_variant
P015T;ATM;2809;Q/X;frameshift_variant
P015T;B2M;14-15;SL/X;frameshift_variant
P015T;CTNNB1;34;G/V;missense_variant
P015T;FBXW7;465;R/C;missense_variant
P015T;KRAS;13;G/D;missense_variant
P015T;PTEN;160;T/I;missense_variant
P015T;TCF7L2;465;R/X;frameshift_variant
P019T;APC;1378;Q/*;stop_gained
P019T;ARID1A;1844;W/*;stop_gained
P019T;KRAS;146;A/T;missense_variant
P019T;RNF43;225;R/C;missense_variant
P019T;SMAD4;361;R/C;missense_variant
P019T;TP53;234;Y/N;missense_variant
P020T;AMER1;511;P/A;missense_variant
P020T;KRAS;12;G/V;missense_variant
P020T;SMAD4;102;P/R;missense_variant
P021T;APC;1356;S/*;stop_gained
P021T;GNAS;844;R/H;missense_variant
P021T;KRAS;12;G/D;missense_variant
P022T;APC;232;R/*;stop_gained
P022T;KRAS;12;G/C;missense_variant
P022T;PTEN;137;A/V;missense_variant
P022T;TP53;132;K/R;missense_variant
P027T;AMER1;373;A/G;missense_variant
P027T;APC;216;R/*;stop_gained
P027T;TP53;282;R/W;missense_variant
P030T;KRAS;146;A/T;missense_variant
P030T;PIK3CA;420;C/R;missense_variant
P030T;SMAD4;537;D/A;missense_variant
P046T;NRAS;61;Q/L;missense_variant